{"cameraMode":{"drawMode":0,"name":"Shaded","section":"Shading Mode"},"sceneLighting":false,"audioPlay":false,"sceneViewState":{"showFog":true,"showMaterialUpdate":false,"showSkybox":true,"showFlares":true,"showImageEffects":true,"showParticleSystems":true},"in2DMode":false,"pivot":{"x":-0.39245355129241946,"y":-12.301506042480469,"z":13.440561294555664},"rotation":{"x":0.37344667315483096,"y":-0.01948297582566738,"z":0.007845304906368256,"w":0.9274159073829651},"size":10.0,"orthographic":false}