{"cameraMode":{"drawMode":0,"name":"Shaded","section":"Shading Mode"},"sceneLighting":false,"audioPlay":false,"sceneViewState":{"showFog":true,"showMaterialUpdate":false,"showSkybox":true,"showFlares":true,"showImageEffects":true,"showParticleSystems":true},"in2DMode":false,"pivot":{"x":-2.022193670272827,"y":-7.113016128540039,"z":7.918461322784424},"rotation":{"x":0.4004729390144348,"y":-0.1202508956193924,"z":0.05324247479438782,"w":0.90700364112854},"size":10.58995246887207,"orthographic":false}