{"cameraMode":{"drawMode":0,"name":"Shaded","section":"Shading Mode"},"sceneLighting":false,"audioPlay":false,"sceneViewState":{"showFog":true,"showMaterialUpdate":false,"showSkybox":false,"showFlares":true,"showImageEffects":true,"showParticleSystems":true},"in2DMode":false,"pivot":{"x":-1.024682641029358,"y":0.038563985377550128,"z":-3.564653158187866},"rotation":{"x":-0.1917870044708252,"y":0.49075034260749819,"z":-0.11170598864555359,"w":-0.8425668478012085},"size":1.6948328018188477,"orthographic":false}