{"cameraMode":{"drawMode":0,"name":"Shaded","section":"Shading Mode"},"sceneLighting":false,"audioPlay":false,"sceneViewState":{"showFog":true,"showMaterialUpdate":false,"showSkybox":false,"showFlares":true,"showImageEffects":true,"showParticleSystems":true},"in2DMode":false,"pivot":{"x":1.1816962957382203,"y":0.5438500046730042,"z":6.586788654327393},"rotation":{"x":0.2962559163570404,"y":-0.5018521547317505,"z":0.18866336345672608,"w":0.7906820178031921},"size":0.9055386185646057,"orthographic":false}