{"cameraMode":{"drawMode":0,"name":"Shaded","section":"Shading Mode"},"sceneLighting":false,"audioPlay":false,"sceneViewState":{"showFog":true,"showMaterialUpdate":false,"showSkybox":true,"showFlares":true,"showImageEffects":true,"showParticleSystems":true},"in2DMode":false,"pivot":{"x":3.525515556335449,"y":5.27577018737793,"z":-1.0340913534164429},"rotation":{"x":-0.34688785672187807,"y":0.2682625651359558,"z":-0.10506632924079895,"w":-0.8928106427192688},"size":1.4919524192810059,"orthographic":false}