{"cameraMode":{"drawMode":0,"name":"Shaded","section":"Shading Mode"},"sceneLighting":false,"audioPlay":false,"sceneViewState":{"showFog":true,"showMaterialUpdate":false,"showSkybox":false,"showFlares":true,"showImageEffects":true,"showParticleSystems":true},"in2DMode":false,"pivot":{"x":-1.2455101013183594,"y":-1.4772683382034302,"z":-0.06684546917676926},"rotation":{"x":-0.2939099073410034,"y":0.6100365519523621,"z":-0.26088690757751467,"w":-0.688310980796814},"size":2.3598074913024904,"orthographic":false}