{"cameraMode":{"drawMode":0,"name":"Shaded","section":"Shading Mode"},"sceneLighting":true,"audioPlay":false,"sceneViewState":{"showFog":true,"showMaterialUpdate":false,"showSkybox":false,"showFlares":true,"showImageEffects":true,"showParticleSystems":true},"in2DMode":false,"pivot":{"x":0.9080491662025452,"y":-0.17860108613967896,"z":-3.1764116287231447},"rotation":{"x":-0.16408659517765046,"y":-0.5514580011367798,"z":0.11167552322149277,"w":-0.8102510571479797},"size":1.2311177253723145,"orthographic":false}