{"cameraMode":{"drawMode":0,"name":"Shaded","section":"Shading Mode"},"sceneLighting":false,"audioPlay":false,"sceneViewState":{"showFog":true,"showMaterialUpdate":false,"showSkybox":true,"showFlares":true,"showImageEffects":true,"showParticleSystems":true},"in2DMode":false,"pivot":{"x":20.154306411743165,"y":12.27137279510498,"z":10.809560775756836},"rotation":{"x":0.08383356034755707,"y":0.0933312252163887,"z":-0.00803148653358221,"w":0.9921614527702332},"size":4.712749004364014,"orthographic":false}